timestamp,tx,ty,tz,qx,qy,qz,qw
0.0,4.0,0.1,2.0,0.7071067811865475,-2.1648901405887332e-17,2.1648901405887332e-17,-0.7071067811865475
0.05,3.9979371190162363,0.1628164032875577,2.0124983883736114,-0.7070820203223879,-0.0055479258036560345,0.0055522458635069855,0.7070879786999341
0.1,3.99488391143876,0.22559059951375257,2.0249845447344557,0.7070215508317227,0.011100052715649334,-0.011093885354352566,-0.7070178506918762
0.15000000000000002,3.9908246197664736,0.2883164930001455,2.0374862384298815,0.7069385019533201,0.0166363218059732,-0.016662618157635055,-0.7068829778746245
0.2,3.984993601164206,0.35094210926989255,2.0499952755332544,0.706829137135337,0.02213500857532243,-0.022133129466893095,-0.7066914014418793
0.25,3.9787424125702655,0.4135086696968868,2.062447670713168,0.7066467867104635,0.02770069381732855,-0.027720852994578077,-0.7064803922990844
0.30000000000000004,3.9715015502810442,0.47597873663810675,2.0748612674102556,0.7064115008412981,0.03326766324498681,-0.033295647588342914,-0.7062347017196449
0.35000000000000003,3.9626825292761967,0.5386892317708099,2.087366081659133,0.706232967459533,0.03900957355809982,-0.0386355855664116,-0.7058473917016752
0.4,3.9532728513035087,0.6010396295288366,2.0997243593428725,0.7059074345017279,0.044555503190083626,-0.04421651944416717,-0.7055171156385298
0.45,3.9466169773981825,0.6659411045434726,2.107045196419439,0.7056470583036389,0.05005528226076823,-0.04994540319709141,-0.7050263502342983
0.5,3.9358250650069824,0.7285319786615492,2.1185430772695777,0.7052337503425514,0.05561135479916472,-0.05547552698021532,-0.7046099633850268
0.55,3.9240669363356258,0.7910099144296046,2.129929662577379,0.7047708060294215,0.061172964083587016,-0.060993543778442974,-0.7041560672544225
0.6000000000000001,3.9120874425415533,0.8543067295802883,2.142177288736372,0.7042820734530371,0.0664457630730097,-0.06688356443403429,-0.7036322266574597
0.65,3.896750479708087,0.9188263232578266,2.1529352181899863,0.7038860481189396,0.07200362077544628,-0.07215949239548321,-0.7029601108995829
0.7000000000000001,3.8812844526948456,0.9799235212096296,2.1639685099388695,0.7030434937290503,0.0775585029706337,-0.07761286689895255,-0.7026313168610767
0.75,3.8635794610715126,1.0445018476850874,2.1745319303368573,0.702534252907822,0.08310228731982143,-0.08299902009759018,-0.7018908718570873
0.8,3.8452675240308816,1.1083691514374405,2.185403397940588,0.7018921346160504,0.08866026355337604,-0.08832787685169546,-0.7012025208180884
0.8500000000000001,3.826662890710667,1.1671865056618507,2.1963364410925474,-0.7008438649316094,-0.09402025724571114,0.09377722685701434,0.7008451326350082
0.9,3.8072441689536793,1.2270387674182293,2.2076993930089253,-0.6998646049343464,-0.09938551612997977,0.09926468460543698,0.7003274779229014
0.9500000000000001,3.7870595171385553,1.2874521003718704,2.218178179617985,-0.6990734341356504,-0.1046221431466839,0.10476542053881123,0.6995532485154431
1.0,3.766521276210542,1.3465521032129522,2.228200552143133,-0.6982714782395953,-0.10981937852105238,0.11028116687864148,0.698709317964363
1.05,3.7447945187029337,1.4049409438917824,2.2384938777375654,-0.6973342681593013,-0.11516015339489794,0.11580993309815361,0.6978904763045534
1.1,3.7222420505314706,1.4659303907368768,2.2489185454341616,-0.6964973513332045,-0.1207130833512697,0.12133414120619651,0.6968484894662649
1.1500000000000001,3.6989308615988903,1.526027917280964,2.2594515778240165,-0.6955447037898319,-0.12620181565592264,0.1269323941501975,0.6958296013179968
1.2000000000000002,3.675718109642738,1.5838884310107975,2.2691015191956443,-0.6946533247006638,-0.13141541555413846,0.1325599307093288,0.6947046939580768
1.25,3.6515622868447006,1.6395695930976624,2.2788311828036343,-0.6935130620568013,-0.13662496959856188,0.1382699447059424,0.693725214209349
1.3,3.6263786311090254,1.6954360827645576,2.2882200815146647,-0.6923461917170052,-0.14190993962343776,0.14375382903538225,0.6927143397452504
1.35,3.599150820541308,1.75287123581252,2.297980912282559,-0.6911323054257641,-0.14733192490912791,0.14917548284083967,0.6916473925481407
1.4000000000000001,3.571188894796393,1.8094899324325158,2.307309986145345,-0.6899057262831569,-0.15270672428474258,0.1546324698132008,0.6905067302202079
1.4500000000000002,3.543260324271099,1.8652118164755334,2.3158372522016504,-0.6887793018226972,-0.15800263405110532,0.16002987873569421,0.6892087339299969
1.5,3.514322024777229,1.9212928844803931,2.3240095865407886,-0.6876255479741106,-0.16337781772317342,0.1653184844204698,0.6878579745545126
1.55,3.484013926409118,1.976976287493009,2.332744558117891,-0.6862931008284399,-0.16885941774554616,0.17058822474266297,0.6865769690086223
1.6,3.4533396624389368,2.0324289672318536,2.3407564855163177,-0.6850090918990459,-0.17423023032526802,0.17590943438271403,0.6851731472785562
1.6500000000000001,3.420852842254432,2.089468845239956,2.349933451864911,-0.6835557345913459,-0.1797868515131484,0.18115428236737768,0.6838211547694579
1.7000000000000002,3.388041981963796,2.1450919175384184,2.358338685922404,-0.6821102729960019,-0.1852172387078777,0.18654214607980393,0.6823651351693534
1.75,3.3546434103340794,2.1978265124621053,2.367575780410593,-0.6803599263329917,-0.19044045831953127,0.1920892891674828,0.68113472049393
1.8,3.3207619328306333,2.2504533307726415,2.374985662548198,-0.6787728767223767,-0.1957005575078493,0.19749514179627795,0.6796795881766748
1.85,3.2865550545150755,2.2997328355193676,2.383144334298467,-0.6770023950507393,-0.2008211743050406,0.20297143696636585,0.6783370908494653
1.9000000000000001,3.2514172160741204,2.349080440564863,2.391343778376529,-0.6752505415340834,-0.20593547070409238,0.20851537437596784,0.6768667717598943
1.9500000000000002,3.214355345975993,2.4007938519688254,2.398510980245688,-0.6735513080926269,-0.2112461283829616,0.21375190866364402,0.6752879609119135
2.0,3.176730581917422,2.4504833246762243,2.40547008862661,-0.671733402212638,-0.21656337753696045,0.2189662849030567,0.673742017345936
2.0500000000000003,3.138689985498641,2.499140402057612,2.411736860779367,-0.6699269892949284,-0.22184428302163184,0.22421248996896498,0.6720950099850228
2.1,3.0993310220517603,2.5482906009660393,2.417831928588693,-0.6681028186593924,-0.227259143057558,0.22926485525787585,0.6703950564702164
2.15,3.0585074777827077,2.598536713841219,2.4235741302891047,-0.6663203067586497,-0.23281799520246893,0.23426352888961474,0.6685309483809606
2.2,3.017674231477045,2.646156144232047,2.4287538673071905,-0.6644571712379497,-0.2382393161268515,0.23933085170387028,0.6666779126869078
2.25,2.97602601892861,2.693711938570605,2.433276986752163,-0.6626466073710316,-0.2436975379162968,0.24439713968574078,0.6646660980271413
2.3000000000000003,2.9340553607044346,2.74059926520976,2.436921273884504,-0.660841665472514,-0.24907551419205626,0.24954611293700157,0.6625529555616744
2.35,2.887819860639419,2.7913387672152066,2.443197516251269,-0.6588023428536842,-0.2547230222501979,0.2543231249246136,0.660617440819421
2.4000000000000004,2.8427548268039993,2.8390742408350955,2.448094367811943,-0.6567611349982481,-0.26014395363953724,0.2593171064566153,0.6585928736629116
2.45,2.7978926604517707,2.883439831054123,2.453058615803213,-0.6545416186246934,-0.2654544976878733,0.2642461029434896,0.6567215362881166
2.5,2.753721440526944,2.9245918064646537,2.456347654251172,-0.6523091224276523,-0.27071132782084,0.2691883999208156,0.654786828773468
2.5500000000000003,2.710088949426259,2.9646083574650697,2.4579232167183327,-0.650207088109706,-0.2758685072685648,0.27438155921792,0.6525657585488637
2.6,2.666323260156557,3.0034676708234342,2.458146073210737,-0.6481369364597424,-0.28100907753406484,0.2795956677422504,0.6502143281409593
2.6500000000000004,2.622169176610871,3.0419143167362637,2.4590077773227126,-0.6459394193547076,-0.28603613030893404,0.28482465134555657,0.647935580646314
2.7,2.57716997417131,3.080927711289815,2.4611505341272633,-0.6436430886258572,-0.2908776780677946,0.29018614487581806,0.6456823926576952
2.75,2.5289068348764165,3.1225939544984915,2.4650871344793566,-0.6412221274264758,-0.2957404808885877,0.29540741084890815,0.6435108490755971
2.8000000000000003,2.4788499733824527,3.165586608947985,2.469527106117487,-0.6388208886011879,-0.3006145265435149,0.3006583048495685,0.6412046182325817
2.85,2.4270522461981314,3.208166193221051,2.474459752217921,-0.6363075612328255,-0.3055659284399383,0.30571632725546066,0.6389676659612792
2.9000000000000004,2.3745071315777624,3.248696240963352,2.479180482267524,-0.6337469917784863,-0.3105732089718684,0.3105945836665227,0.6367417348326202
2.95,2.3248547099373362,3.282043167680757,2.481789325273453,-0.6311824143012662,-0.31551464264895274,0.3154319154766973,0.6344777197424903
3.0,2.274704504784915,3.3131817218959196,2.4834528591776417,-0.6286209387367018,-0.32056047343830596,0.3201409130348226,0.6321285423488067
3.0500000000000003,2.2256001708537987,3.340554559617959,2.484341526022716,-0.6260148996808907,-0.325582079196419,0.32485643503410844,0.6297380024268753
3.1,2.1760486831334838,3.367304730400627,2.484410778101471,-0.6234273056581917,-0.33062139711847466,0.3295256031093116,0.6272485657398029
3.1500000000000004,2.126320735964431,3.393721082669779,2.483756960639147,-0.6208343660010661,-0.3355867284629946,0.3342867389302239,0.6246587979424887
3.2,2.0726485160081514,3.4232165723548613,2.4848081691158406,-0.6181111043675503,-0.3405926789378343,0.3389136772191595,0.622151757295006
3.25,2.0173272859080402,3.4541056206228062,2.4862293040254317,-0.6153070155274467,-0.34547353941307657,0.3436171398338433,0.6196552036580641
3.3000000000000003,1.9597077264198637,3.487889732630015,2.4864163677471187,-0.6124801900078697,-0.35046052692302126,0.3483550344086835,0.617004218720494
3.35,1.9041945837138499,3.517125924121489,2.485497905770444,-0.6096657220604704,-0.355414079244647,0.35309408060069736,0.6142581785079572
3.4000000000000004,1.846590784521724,3.547651174176341,2.485237474790817,-0.6068306460756592,-0.36014312909133106,0.35785769902409964,0.6115483307154717
3.45,1.7885209260714334,3.5774705232293464,2.4847883367970156,-0.6039259220565232,-0.3648125534733287,0.36269581800022427,0.608799659248916
3.5,1.7295590094935194,3.6067315031588234,2.483474270283497,-0.6010117913129362,-0.3695253023823349,0.36742740315859157,0.6059975090791987
3.5500000000000003,1.6731451954292411,3.6331565216480266,2.479476490648561,-0.5981991058340272,-0.3742354673585023,0.3722344154664131,0.6029487413476466
3.6,1.6202031607026706,3.655222031771865,2.474480032498691,-0.5953398148673882,-0.3788858426936276,0.3771019839334813,0.5998417430901554
3.6500000000000004,1.5666124694503016,3.676150867520091,2.4693017110662727,-0.5924175780807238,-0.3835525811513853,0.3818415522818666,0.5967628168913125
3.7,1.5157531446028643,3.6938543719654455,2.462005655021562,-0.5895928780934673,-0.38826916941303463,0.3864395666695133,0.5935417015653178
3.75,1.468637529538429,3.707897070587162,2.4546574839344206,-0.5866668553657812,-0.39271784076133476,0.39131828816333897,0.5903089832552901
3.8000000000000003,1.4217811123430597,3.721090346267964,2.446639924399214,-0.5837580852523433,-0.3971766305824352,0.3960956068624605,0.5870140477415859
3.85,1.3766922958910894,3.733539469883276,2.4386701295164324,-0.5808112326454432,-0.401523292700008,0.40092720729258136,0.583690613171735
3.9000000000000004,1.324282159213835,3.748922977995341,2.4330445362861726,-0.5776046188227498,-0.40593124505451406,0.4058031140101484,0.5804451406143257
3.95,1.2660164798272773,3.767387543464282,2.4287643190570543,-0.5742521823412307,-0.4104119672689348,0.410556267631951,0.5772694338927868
4.0,1.2076940701373253,3.7849842869093804,2.423995901333322,-0.5709409699719009,-0.4148030636146202,0.4151904253759567,0.574092098795657
4.05,1.1497599562380734,3.800354700027949,2.419070926993875,-0.5675541201876447,-0.4191826916496237,0.41986537101278704,0.5708601071223142
4.1000000000000005,1.0908080178081017,3.8147347468060016,2.413358132570431,-0.5641971174106091,-0.42368968400279367,0.4243136569352472,0.5675619657036661
4.15,1.032040637435336,3.829741240806338,2.40683152826763,-0.5608561420814475,-0.42809885466165043,0.42872949062228016,0.5642364596493729
4.2,0.9714349202569483,3.8440309289957777,2.400107139083124,-0.5574751981400229,-0.43260522659808975,0.4330223385202836,0.5608616368777443
4.25,0.9122186758309022,3.8555633658526096,2.392730498786725,-0.5540667450357545,-0.4370977561442839,0.4373012066871296,0.55742555399721
4.3,0.8550236891567898,3.865143320992056,2.3848077014543736,-0.5505757797661041,-0.44154458118146117,0.44160586504825056,0.5539755892809908
4.3500000000000005,0.7950896422649709,3.875758933234886,2.3768249690705265,-0.5470934761881034,-0.44602225946577956,0.4458508098386689,0.5504270412503923
4.4,0.7371447245635134,3.8838674962086808,2.36812503184016,-0.5436069938219477,-0.4504620519968853,0.4500891343163965,0.5468044871331407
4.45,0.682633499477385,3.889392805650991,2.358674868105942,-0.540056098560361,-0.4548193781125421,0.454415583144245,0.5431254196746437
4.5,0.6295187493954835,3.8925757776823677,2.3487164834120184,-0.5364380865603151,-0.4591010233037142,0.45868170527300484,0.5395104474770055
4.55,0.5683668354211041,3.8998838312688626,2.340554375930011,-0.5327313478043186,-0.4633537314906831,0.46287834140978007,0.5359517437549627
4.6000000000000005,0.502542720625202,3.909063071941451,2.33317169451316,-0.528972049895841,-0.4675498789309028,0.46695116630708633,0.5324868913176566
4.65,0.4415245951294188,3.914226060619434,2.324603486170469,-0.5252315106289454,-0.471684889592365,0.471074021607772,0.5288993206073863
4.7,0.3787257051883425,3.919119656131405,2.3162129482085154,-0.5214404742641771,-0.4757706402374282,0.47521281770900553,0.5252760298855118
4.75,0.32248576938231227,3.919963109839799,2.3061315318006375,-0.5176680818949326,-0.4798083332041588,0.4793763670573172,0.5215381281191206
4.800000000000001,0.26642983258487984,3.920129054499569,2.2962493324547264,-0.5138869071802571,-0.48377884364170254,0.4835315114214118,0.5177601322387928
4.8500000000000005,0.20939983937588774,3.9199001025942057,2.285734500969918,-0.5101382231224681,-0.4878476893714037,0.4875917818671887,0.5138267018558037
4.9,0.15317667916163138,3.919456289029623,2.276023492853094,-0.5063909447557304,-0.4917961467475153,0.49165768669093046,0.5098798684312003
4.95,0.09807989920976433,3.917230425763046,2.265783244527694,-0.5025294879197685,-0.4957488160083003,0.4957010775920188,0.5059423552852388
5.0,0.04250987809452131,3.913634110360206,2.255250124660155,-0.49867433144894563,-0.4997292173293304,0.4996853779905515,0.5019055125457397
5.050000000000001,-0.012991157124036146,3.9086075030407508,2.244260872496681,0.4947657532360284,0.5037311499455451,-0.5036046991495442,-0.4978394168743786
5.1000000000000005,-0.0707500802238523,3.903518860630601,2.2336796621226833,0.49078506420684914,0.5077189763739535,-0.5075078368101779,-0.49374817200422894
5.15,-0.12692517163739536,3.8957244834056945,2.2221007481444417,0.4868135570874624,0.5117423093426935,-0.5113347118790772,-0.48956019230734044
5.2,-0.1850776042614905,3.888572082490757,2.2110598381789006,0.4827693258937889,0.5157190562938924,-0.5151139641943527,-0.4854124399347145
5.25,-0.24199751312376894,3.8800563003237833,2.2001525715367385,0.47874268083687777,0.5195787989029658,-0.518881442479903,-0.48125395159483714
5.300000000000001,-0.29904659220708796,3.8717186850374614,2.189618787779398,0.4746679144561101,0.5233228157500739,-0.5227027011101086,-0.47708016910525397
5.3500000000000005,-0.35702457472760074,3.8627371787715976,2.179136250391477,0.47057750907654283,0.5270274303106871,-0.5264339610842604,-0.47293358970215404
5.4,-0.4153192096092003,3.8515473742754485,2.1679282642688955,0.46640436656083606,0.5307774542659784,-0.5301267525647066,-0.46873007916188864
5.45,-0.4707019783969396,3.838343559008392,2.1568544865956913,0.4622463428304772,0.5344693806447723,-0.5338228177514779,-0.46443944593554365
5.5,-0.5251585612847922,3.824756509844466,2.1448335977820565,0.458043098229456,0.5381524922991652,-0.5374618122394086,-0.460133910487902
5.550000000000001,-0.5802839676206242,3.8102852456435268,2.1329834349664023,0.4538369787648353,0.5418023217908812,-0.5410377461916586,-0.45580741328270147
5.6000000000000005,-0.6325776385065424,3.795035587801027,2.120915151604859,0.4495486076694527,0.5453968001158381,-0.5446216027822343,-0.45148166025739234
5.65,-0.6830019111960833,3.7792722601722564,2.1093216766701164,0.4452737512812571,0.548884597844104,-0.5482211645659301,-0.44711356431158394
5.7,-0.7319378335674722,3.763316757059553,2.096748865767686,0.4410116505195853,0.5523114656502005,-0.5517407103068762,-0.4427673854377511
5.75,-0.787805591519562,3.7489827199957912,2.084424082659677,0.4367119571134368,0.5557158871560727,-0.5551700516744318,-0.4384617805468333
5.800000000000001,-0.8420481184273865,3.7333937218540987,2.0720200847531505,0.4322952594353629,0.5590807657693145,-0.5586545613193175,-0.43411356478878915
5.8500000000000005,-0.8961733008428021,3.7182684600073768,2.059685467011737,0.4279097331516422,0.5623329635743037,-0.5621288384413335,-0.4297511691018751
5.9,-0.9483385794935284,3.7015003707358587,2.047845554966372,-0.4234706705693628,-0.5655415706385064,0.5655831836714692,0.42538333934853456
5.95,-0.9966913681439964,3.6814297316366837,2.0365882379465012,-0.41905860226551417,-0.5687195506465473,0.5690171079506455,0.4209126886174211
6.0,-1.0484504204229108,3.660596395038574,2.024952908878681,-0.41459782820775426,-0.5718852138556484,0.5723974760087445,0.4164337552090508
6.050000000000001,-1.1101440206660187,3.6424792691210506,2.0123087832351794,-0.41014481756926136,-0.5751232472748541,0.5756075142585966,0.4119350295788691
6.1000000000000005,-1.1683624024472912,3.622395920480129,1.9999940124992768,-0.40567078020146646,-0.5783304613784327,0.5787576857750226,0.40743666586217153
6.15,-1.2272813629775998,3.6010931575756797,1.9873733276273133,-0.4011387570750117,-0.5815500520419489,0.5818907030162529,0.40285288168954736
6.2,-1.2824153581136328,3.5776805876868902,1.974785903479419,-0.3965811326706623,-0.5847170963430309,0.5850128019404898,0.3982327761743959
6.25,-1.3379054882881498,3.5540356364063856,1.962243516996987,-0.3919988745396542,-0.5878615085975978,0.5880923824664592,0.3935772843469562
6.300000000000001,-1.388769721538379,3.5283898167450545,1.9502178236235899,-0.3874142467189193,-0.590923752038559,0.5911699041978307,0.38889261382367735
6.3500000000000005,-1.4419008788013208,3.5040278630433415,1.9380239976056388,-0.3828012374368126,-0.5939151599371161,0.5942203159092762,0.38422677102772895
6.4,-1.493760394907063,3.4785022408612885,1.9254117823253534,-0.37811705722286865,-0.5969083534129409,0.5972059605497336,0.37956942625406453
6.45,-1.5418466100761163,3.451204141983374,1.913320181628892,-0.373430599247452,-0.5998318764317401,0.6002144952064676,0.374825115628758
6.5,-1.588660481994003,3.4219166991297505,1.9013092472130946,-0.36869048605071103,-0.6027448926137007,0.6031441556664764,0.3701122092138573
6.550000000000001,-1.6375857189031322,3.3930722764203542,1.889363823984513,-0.3639469784698744,-0.605644584485884,0.6060287109034899,0.3653305841374687
6.6000000000000005,-1.682771726088416,3.36144468970652,1.8779258744111942,-0.3591963311288881,-0.6084756972187101,0.6088961822724465,0.36052844660552147
6.65,-1.7328865154589592,3.330309637493971,1.8661328034266618,-0.35441011861493943,-0.6112913040455505,0.6116855037076766,0.35574886363208647
6.7,-1.780584043220432,3.295945663326087,1.8541739660804475,-0.34962986296134124,-0.6141119151748816,0.6144141782569287,0.35088563966445807
6.75,-1.8262275407791468,3.2600872612620253,1.8424824424792439,-0.34480759678094647,-0.6169355023267231,0.6171060347311704,0.34594573139351437
6.800000000000001,-1.87508558421865,3.2265382576902075,1.830543075646754,-0.33994787005699373,-0.6196931981373855,0.6197979175079164,0.3409784850673461
6.8500000000000005,-1.9220977812540072,3.192530872626496,1.8188365016765842,-0.33499028815364573,-0.6224269569860796,0.6224574417015725,0.33602518258326974
6.9,-1.9681624039090266,3.1578974360145553,1.8074628834792001,0.3300839048995907,0.6250878135948876,-0.6250288441859465,-0.3311325791234995
6.95,-2.012335908705314,3.124261495078481,1.7963440921551932,0.3251687813374426,0.6276580202106118,-0.6276559646163897,-0.32612675969672794
7.0,-2.0629952111245875,3.092190405423727,1.7849188822244557,-0.3202122295274974,-0.630184037470412,0.6302158150776844,0.32118566811813004
7.050000000000001,-2.1149655000610528,3.059491034313921,1.7730797608468802,-0.3152753690258815,-0.6326229984294499,0.632770904139337,0.3162128498628931
7.1000000000000005,-2.1618305473291013,3.02617489346183,1.7620203616660588,-0.3103122374351606,-0.6349911574254363,0.6353313345565572,0.3112019290108487
7.15,-2.2123274636911603,2.9920406160372384,1.7509594117153542,-0.30529426248432445,-0.6373540508424029,0.6378468733258452,0.30614799257446607
7.2,-2.256412810579964,2.9545081583883497,1.7406009038252097,-0.30026319174578364,-0.6397142689576518,0.6402588022694604,0.3011251166726015
7.25,-2.2926642044368717,2.91371706941218,1.7311762073471002,-0.29521858008764995,-0.6420126834083738,0.6426413426229883,0.2961043887981632
7.300000000000001,-2.3310093436931525,2.872153228993385,1.72127074794139,-0.29017110298023713,-0.6442919084876428,0.6449537462333138,0.29107272780560833
7.3500000000000005,-2.3493077862895446,2.823645643668457,1.7140605333869767,-0.28513010601268657,-0.6465997169188905,0.6471837479636509,0.28594199603647974
7.4,-2.3709781598861133,2.775313673706962,1.7068106010663842,-0.2800561281749639,-0.6488839059236687,0.6493789018777667,0.2807584077118924
7.45,-2.4038160161216213,2.7295257063029204,1.6977812190669739,-0.2749513613362478,-0.6511278685601299,0.6515335471653082,0.2755690196699862
7.5,-2.418160203441282,2.682339177583663,1.6913733760635388,-0.2698725383055658,-0.6532674194299313,0.6536843185848973,0.27038362268463595
7.550000000000001,-2.4391099394049927,2.6382274404855584,1.6842813851222007,-0.26477435229399726,-0.655404848612243,0.655762488306302,0.2651689757742865
7.6000000000000005,-2.4585594777772544,2.593199763267944,1.6778969697701482,-0.25968740965087433,-0.6575282260205398,0.6577874003923517,0.25987461811452994
7.65,-2.4760622990300005,2.5489553456080034,1.6722971309456172,-0.25453461940815486,-0.6595469619576573,0.6598676858619675,0.25452813135357355
7.7,-2.4919048481817154,2.50588474811879,1.667446805936009,-0.24937372454417875,-0.66152716453269,0.6619184427651679,0.24911549775081948
7.75,-2.504867217763353,2.460144864186588,1.6631104271824488,-0.24417006336742028,-0.6634869357427174,0.663907664328316,0.2437061334886943
7.800000000000001,-2.520779055532709,2.4150813058902183,1.6586052060405518,-0.23898417319695617,-0.6653711922806749,0.6658714176171228,0.23829183083967392
7.8500000000000005,-2.5572308247012767,2.37169614665276,1.651712868875105,-0.23381562199518674,-0.667259361526232,0.6676929061794542,0.2329836526545234
7.9,-2.598261739628825,2.3279990368367294,1.644231833091093,-0.22865739316087974,-0.6691097006471772,0.6694650870714751,0.22764995551305892
7.95,-2.646510370414883,2.284547183942646,1.6359800744286765,-0.22341322620781204,-0.6709245664846959,0.6712003060771808,0.22234411520127612
8.0,-2.695624941799585,2.2410006259020414,1.6276178171647073,-0.2181059790937525,-0.6726436798155211,0.672954189512284,0.21705510983539456
8.05,-2.7384522732611587,2.196025787736036,1.6202487163941157,-0.21274872855032853,-0.6742993213960954,0.6747035929309685,0.21173914458839627
8.1,-2.7728427880418822,2.1521528234614515,1.6141048703619911,-0.20742044976294957,-0.6759015929706234,0.6763958754482506,0.20645196370222296
8.15,-2.813816751545361,2.107520840437185,1.6072036623274302,-0.20209245827850103,-0.6774882954051521,0.6780023835485509,0.20119894581845427
8.200000000000001,-2.8518104797098904,2.0607223636538183,1.6005336235652106,-0.1967266129505806,-0.6790568802900718,0.679542794897803,0.1959642390595542
8.25,-2.88636266607946,2.014400316136344,1.5945059522096,-0.19141030957632624,-0.6805827482196342,0.6810455370356185,0.19064677468441713
8.3,-2.928336826696892,1.9667528239477075,1.587570399917738,-0.18609337194249392,-0.6820631950664323,0.6825071541038514,0.18531875094524042
8.35,-2.9892154920195457,1.9166564166431952,1.5782671976803906,-0.18072379538271924,-0.6835427135856256,0.6839113241254412,0.1799265661859027
8.4,-3.042866897428597,1.865603675777062,1.5699118744538758,-0.1753416990105738,-0.6849618605404624,0.6852987436374759,0.17449404047683267
8.450000000000001,-3.106448087419663,1.814486394504439,1.560176677808309,-0.16993443459027063,-0.686301751325936,0.6866700119617217,0.16910496367619385
8.5,-3.1486250161458758,1.7619000107465534,1.5532659859188482,-0.1645400561837988,-0.6876103520915667,0.6879992298837772,0.16363261681851024
8.55,-3.206159093330816,1.7081899349520802,1.5442904529287225,-0.1590340546309762,-0.6888952265904806,0.6892916075534057,0.15814112686117965
8.6,-3.2689459949366655,1.6527299413163021,1.534478506690587,-0.15354219036363265,-0.6901133079209683,0.6905468993406105,0.15268725493565521
8.65,-3.317581743226267,1.6007937732783617,1.5267936935705968,-0.14811005394750154,-0.6912251585207072,0.6918083252862576,0.14721560111725512
8.700000000000001,-3.362463837541289,1.549159698595206,1.5196344998954605,-0.1426583630332208,-0.6922782818481239,0.6930506970526317,0.14170428099726726
8.75,-3.3989032881568506,1.4956086427834023,1.5138630167012026,-0.13726205808612765,-0.6933184514225159,0.6941922455766271,0.13625629713273762
8.8,-3.430914939285752,1.4405057400178822,1.5087165365625927,-0.13182821608731254,-0.6943560617212525,0.6952424379881753,0.13087755122421516
8.85,-3.45978227280458,1.3853504614041179,1.5042147425863788,-0.1263819657565366,-0.695352484865062,0.6962486711676489,0.12550023275189814
8.9,-3.482983035399344,1.3272530988134204,1.5007131436200563,-0.12093754592332775,-0.6963350678136209,0.697197764833116,0.12002858005804322
8.950000000000001,-3.5138291172401486,1.2682264924843412,1.4962598677057315,-0.11539947073020987,-0.697273307504494,0.6981363420435294,0.1144488738040307
9.0,-3.5426395780809887,1.2079507225585528,1.4920881916534474,-0.1098287026384499,-0.6981936253019397,0.6990014396946442,0.10890502729123301
9.05,-3.5763674297617847,1.1442975502126145,1.4874678614553043,-0.10429970344576374,-0.6990721125216477,0.69981328222659,0.10334952043862371
9.1,-3.6013162309302094,1.0839340163720759,1.4842821682017104,-0.09879438283069512,-0.6998602955074457,0.7006258521515626,0.09776835883980917
9.15,-3.6213519984053235,1.0260840697523348,1.4821241245181918,-0.09328050251649996,-0.7005847383554646,0.7014087437522546,0.09222551936182541
9.200000000000001,-3.662264934125236,0.9831960693421846,1.4778722615054092,-0.08820280266943621,-0.7008289978892005,0.7024422798923717,0.08737176167665638
9.25,-3.6751537779711603,0.9389632657934806,1.4764436531952034,-0.08285088730308016,-0.7012292643201727,0.7033300119561275,0.08209837766896039
9.3,-3.6823358501361687,0.886699263179125,1.4758023631898463,-0.077455833472939,-0.7017628462859952,0.704023194577489,0.07668665418766235
9.35,-3.702094226985367,0.8233608054558728,1.4739758197131945,-0.07203802164834515,-0.702399334747296,0.7045378676827577,0.07121861403159843
9.4,-3.7176618390896303,0.7607740010056188,1.4730413155251514,-0.0665643999363406,-0.7029739582106317,0.7050362643733059,0.06573173249904345
9.450000000000001,-3.7312056226436945,0.7004475591337084,1.4723121717711976,-0.06102201804760842,-0.7034524746731847,0.7055496638665263,0.060254468775364785
9.5,-3.7580676800401944,0.6331802811027507,1.4696604449040445,-0.05545584534310708,-0.7039004184754458,0.706008343976163,0.05478200729627968
9.55,-3.785072278969094,0.5661397925950793,1.467115771411303,-0.04990496295756752,-0.7042967436113093,0.7064345458489308,0.04925265517638908
9.600000000000001,-3.8134322942012226,0.49558231613474585,1.4642581592100692,-0.044308127218054126,-0.7046384976409299,0.7068295730397913,0.04374165270252353
9.65,-3.8321985780662517,0.4289212250924236,1.462873472021984,-0.03873174950571263,-0.7049306809061867,0.7071887456163853,0.038166277928167854
9.700000000000001,-3.8649215875486336,0.3536631783633897,1.4593734991141416,-0.033145729521155964,-0.7051597519636561,0.7075256238608271,0.032535771166717666
9.75,-3.890252902171869,0.2798786723130604,1.4569180827239103,-0.027561080878419374,-0.7053538506320962,0.7078081889716829,0.02690538689397118
9.8,-3.90931799318475,0.20854851743693958,1.4555799487523167,-0.02200662174239476,-0.7054828274116698,0.7080668405868251,0.02123765731231146
9.850000000000001,-3.9368664774176403,0.13300803122223856,1.452917917231049,-0.016420881028689348,-0.7055304811953056,0.7083157322071413,0.015681781736259386
9.9,-3.9512563103691805,0.0600221320542037,1.4523988484372283,-0.010836682497923042,-0.7055960656438753,0.7084592108595437,0.01011459384236662
9.950000000000001,-3.9408832521460373,-0.00521377101370607,1.4562287476063973,-0.005243417002018068,-0.7057207857573726,0.708456591678953,0.004465068283990618
10.0,-3.929268216762779,-0.06408007760235289,1.4605657820569502,0.00031248299908816175,-0.7057797851221967,0.7084302587188479,-0.0011686739439211104
10.05,-3.912353871246694,-0.11877152274786654,1.4658167458575149,0.0058951652951936915,-0.7057704796638193,0.7083838442441124,-0.006753241827288748
10.100000000000001,-3.89610832526815,-0.17363714054548354,1.471438941074157,0.01137628972229912,-0.7057211205927543,0.7082893392513833,-0.012429476429049813
10.15,-3.878900159086084,-0.22738197930014964,1.477163317477766,0.016884135388278577,-0.7055818439864617,0.7081966615550953,-0.018074179679101868
10.200000000000001,-3.8606482377312994,-0.27643950333658174,1.4831397110165718,0.022450153068992548,-0.7053682484955781,0.7080884995106572,-0.023712897381069943
10.25,-3.846759978110992,-0.32658434635295197,1.4888489649328627,0.028005773420866673,-0.7050984555700549,0.7079486829282526,-0.029334398715071267
10.3,-3.8321734138601666,-0.37793769604946287,1.4948296067392828,0.03362993966707979,-0.7047860523662841,0.7077592090075475,-0.03496497694763529
10.350000000000001,-3.825462634615171,-0.437577678843122,1.499661801437601,0.03916510052114495,-0.7044625500836393,0.7074989803794621,-0.040543842847541256
10.4,-3.821238552540221,-0.5022323058851197,1.5041144272487603,0.04474492309434603,-0.7041205548567558,0.7071689543983289,-0.04608910956689961
10.450000000000001,-3.8128050488423573,-0.5651713554565285,1.5092865581413222,0.05032570645542066,-0.7037462333191263,0.7067852427425617,-0.051606036470965705
10.5,-3.8086793338621523,-0.6322002179833003,1.5140469325264705,0.05586126617068062,-0.7033054584692301,0.7063856964458843,-0.05709815133484971
10.55,-3.8038569497936887,-0.7007149286446486,1.518951625060792,0.061371077316365985,-0.7028024486743459,0.7059649833101083,-0.06257596460567472
10.600000000000001,-3.790575856396701,-0.7647144703257036,1.5252811119896574,0.0668471558392947,-0.702259960087605,0.7054952828731769,-0.06810882510841511
10.65,-3.7774627207927134,-0.8258975474750595,1.531749189666758,0.07237975757076157,-0.701669719247831,0.7049835428180597,-0.07361372250039179
10.700000000000001,-3.759922784193654,-0.8799107929689982,1.5391678901943007,0.0778627570187615,-0.7010836752039709,0.704384304329305,-0.07913168294969662
10.75,-3.74179508534019,-0.902847067781561,1.5476152693830165,0.08328398827604709,-0.700315837161535,0.7038692318124413,-0.08479156812642094
10.8,-3.722411189627448,-0.9192610008975791,1.5561408153130394,0.08864743645134998,-0.6995135095075303,0.7033147109465486,-0.09039302734854557
10.850000000000001,-3.706945653620695,-0.9388798445899026,1.563776079695811,0.0938253511364492,-0.6986828094912313,0.7027620852472205,-0.09573184812036438
10.9,-3.6922480973464014,-0.9553911031763915,1.5713411146263383,0.0988821720171662,-0.6978310560030421,0.7021795170773762,-0.10098544019723658
10.950000000000001,-3.671888519564446,-0.9695266385541407,1.5796333017820927,0.1037728720811213,-0.6970288153197917,0.7015233913353386,-0.10605165271361118
11.0,-3.646355295721246,-0.9855357904488047,1.588752656257505,0.1087029694231861,-0.696211867154492,0.7008038230818132,-0.11111571457607824
11.05,-3.623216888652016,-1.018283497678635,1.597679460661288,0.1139028877510021,-0.6953483582325235,0.6999796408451234,-0.1163842569579278
11.100000000000001,-3.6013773634021815,-1.058124327454232,1.6064714910752944,0.11902756346485432,-0.6944774256202713,0.6991036292138633,-0.12160452318670589
11.15,-3.579127828790887,-1.101598863062618,1.6153175911552184,0.12426505029526896,-0.6935469790776705,0.6981745572686294,-0.12689788284327216
11.200000000000001,-3.561110052991069,-1.1569208697578315,1.623577014424601,0.12959372170697275,-0.6925599726077966,0.697195687872606,-0.13222830425997087
11.25,-3.543168505459983,-1.2137258743142376,1.6317682611238025,0.13493741512845087,-0.6915415911675948,0.6961479907348395,-0.1376230237993959
11.3,-3.5239549619966035,-1.26670035256865,1.640057794742515,0.14035732296407613,-0.6904618445826094,0.6950465050865282,-0.14308255949954637
11.350000000000001,-3.5030041447309332,-1.3165318261464,1.6486694869163467,0.14581227724116147,-0.6892949673715828,0.6939256003817821,-0.14858832018950402
11.4,-3.478474767128525,-1.3611106876528958,1.6582142977912377,0.15125308429953022,-0.6881111949657928,0.6927532657552671,-0.15400779408211848
11.450000000000001,-3.4552851619819034,-1.4062698386202108,1.6677712823291895,0.1566280804591508,-0.6868859620977487,0.6915534171528513,-0.15940260571567308
11.5,-3.4323045831163568,-1.4502752167728714,1.6774530899510207,0.16200601239813994,-0.6856041046515536,0.690329453806039,-0.1647613693790229
11.55,-3.407310784609517,-1.4930071016522435,1.6875359310883888,0.16735805576925486,-0.6842962677767881,0.68906332470562,-0.1700636163955436
11.600000000000001,-3.383772971583215,-1.5400054352613486,1.697395565777061,0.17268322405465575,-0.682946626116,0.6877521829650182,-0.17538912404625992
11.65,-3.358875883209569,-1.591120208302852,1.7073031571262078,0.1780538080387114,-0.6815584779354211,0.6863884704498174,-0.1806813499806379
11.700000000000001,-3.332805941964107,-1.6462852463800135,1.717121638002341,0.18344945452686467,-0.6801290918316577,0.6849555458469503,-0.18602853622911406
11.75,-3.304439309580187,-1.7031862607067239,1.7270974006820292,0.18883727478707998,-0.6786645131056611,0.6834773760057585,-0.191346906926471
11.8,-3.271211114439482,-1.7683777223725514,1.7375251831330187,0.1943275256008751,-0.677165215034024,0.6819061169165411,-0.1966929893350797
11.850000000000001,-3.236144357172326,-1.8355568737734373,1.748200963065784,0.19983004678487304,-0.6756548475123307,0.6802318927564739,-0.2020966390417948
11.9,-3.1989686651051668,-1.8974146222197623,1.7591510810292705,0.20528379810907582,-0.6740997268253162,0.6785355469422837,-0.20745513265205617
11.950000000000001,-3.1601801171792276,-1.9590548602796276,1.7701127009597521,0.2107769469669745,-0.6724625376918831,0.676783413560755,-0.21291177787366777
12.0,-3.120765782427272,-2.0170642305453077,1.7810103003565256,0.21625106484701678,-0.6707467451131028,0.6750337927843494,-0.21832008490261692
12.05,-3.0781584656338223,-2.073363367475645,1.7923618852885137,0.22177570348113215,-0.6690046344644457,0.6731575403133991,-0.22384651511640036
12.100000000000001,-3.03155388885239,-2.126982523224578,1.804292969343444,0.22731111393979017,-0.6672518304495062,0.6711678824752877,-0.2294304377689971
12.15,-2.986690784047426,-2.1715921269372704,1.816080193011967,0.23275245815419446,-0.6654347060971175,0.6692070550251031,-0.23491458585888467
12.200000000000001,-2.9445539789842075,-2.213877936409489,1.827968794285325,0.23806400172643447,-0.6636283852366882,0.6672187394652813,-0.2402957575499471
12.25,-2.902089918777356,-2.259020385255148,1.8398625454914042,0.24334299352305955,-0.6617770034197656,0.6652380127251899,-0.2455479009754144
12.3,-2.863386462623753,-2.303208247019813,1.8512653585871255,0.24854804111701076,-0.6598796877628188,0.6632865613370239,-0.25066632499130787
12.350000000000001,-2.8255879782986666,-2.3480801707417087,1.8624234486649447,0.2536804191005746,-0.6579331092738265,0.6613491419392141,-0.2557099551102713
12.4,-2.784056584742013,-2.393845847454071,1.8738247272757411,0.25882472204530804,-0.6559643319746243,0.6593251484866679,-0.26078900860329046
12.450000000000001,-2.74006345016212,-2.4366787178822817,1.8855297233042658,0.2639672488652246,-0.6539651409757213,0.6572267373822537,-0.265902052615258
12.5,-2.6965621403972007,-2.472533152458801,1.897208259843031,0.2690097280790839,-0.6519522062624507,0.6551042436393922,-0.27098065782265734
12.55,-2.6526008591943,-2.501305641073149,1.9092324758640404,0.2740234396255373,-0.6499290440008201,0.6529087120693505,-0.27606811841266876
12.600000000000001,-2.607267706262857,-2.5253479670825723,1.921281634706195,0.27902639913489263,-0.6478780832236571,0.6506753308049172,-0.28110473447839157
12.65,-2.5608071583949,-2.5653830718681494,1.9338216419716445,0.2841218436828338,-0.6457514973842021,0.6483471392276985,-0.2862267783132588
12.700000000000001,-2.5114662761804722,-2.6059415936927817,1.9463556797253203,0.2892371547271409,-0.6436027290505494,0.6459617125861375,-0.2912917117887452
12.75,-2.457708181643897,-2.6528523460626823,1.9587830662898569,0.29439109575077654,-0.641370274904845,0.6435031487710497,-0.29644856338475517
12.8,-2.404799347366197,-2.697811505981096,1.9707580533863958,0.29947910590232096,-0.6390962172762513,0.6410638322118123,-0.3015053120942289
12.850000000000001,-2.352155963274294,-2.738469227827124,1.9822823391307913,0.30453550330904045,-0.6367424197133598,0.6386229302727149,-0.3065582670419705
12.9,-2.29980517576647,-2.776876698796735,1.9937439530770362,0.3095362931921289,-0.6343788601071195,0.6361448016977669,-0.3115614487047093
12.950000000000001,-2.2474709960964723,-2.8136934542775216,2.0048157334628316,0.3145911820254024,-0.6319168100855161,0.6336235014485763,-0.31659878669264013
13.0,-2.193179098752835,-2.8495384278429676,2.0156556690915117,0.31957001974687754,-0.6294408130204635,0.6310679880039024,-0.3216091725990174
13.05,-2.1410401692676833,-2.8832554087631057,2.026316434502402,0.3245214397046865,-0.6269029058248184,0.6285311675209867,-0.3265381345189281
13.100000000000001,-2.089641136647079,-2.91481739440467,2.0368325612656633,0.3294272642592542,-0.6243240118907826,0.6259762968019654,-0.3314375983218552
13.15,-2.038109220374999,-2.9444502349000374,2.0466213389449615,0.33432474409591845,-0.6216765625321576,0.6233984506280252,-0.33633255691053243
13.200000000000001,-1.9866917494057712,-2.9712263760205113,2.0561566705763967,0.3391881123048114,-0.6189823483862309,0.6207935208915819,-0.34121500740207544
13.25,-1.9464669431214283,-2.979075706720284,2.0634546354076053,0.34405410317454327,-0.6161621562392948,0.6181663133219452,-0.3461811381072897
13.3,-1.906462785420985,-2.985491652773812,2.0710227648901256,0.3488716493479359,-0.613374394359117,0.6154759044126775,-0.35106955965055403
13.350000000000001,-1.8657511616368325,-2.994796704372423,2.0790175039378984,0.3536318422307518,-0.6105573738521107,0.6127631790156124,-0.3559290657391989
13.4,-1.8205589717008188,-3.0076366815339055,2.087442358577413,0.35832844749697823,-0.6077671167707723,0.6100188649895437,-0.3606893952466811
13.450000000000001,-1.771485155587233,-3.0240142179130647,2.096312923353654,0.36305604816371534,-0.6049769562166645,0.6071864221218478,-0.3654009265579869
13.5,-1.7193230990263562,-3.0469875137132485,2.1059588959170408,0.3677690080099177,-0.6021287969442775,0.6043459710005682,-0.37007136605419577
13.55,-1.6681221052766266,-3.0695210292046107,2.115535689735233,0.372437479759501,-0.5992479314717882,0.6014337696094451,-0.37479282419831256
13.600000000000001,-1.615648110159076,-3.0937360087193793,2.1251349075822366,0.37711669531448205,-0.5963204001420243,0.5984924486837133,-0.3794624716070259
13.65,-1.5626680822949255,-3.116621767354174,2.134381247716398,0.38183051548509983,-0.5933118905480568,0.5955110856299094,-0.38412628765883833
13.700000000000001,-1.510314822948502,-3.1373067404308093,2.1434903785683406,0.38651423896688086,-0.5903009849626202,0.592423273664856,-0.3888266388099305
13.75,-1.4568629325430926,-3.1571369544951784,2.1524072688266913,0.3911306511056047,-0.5872853732050549,0.5892997027522882,-0.39349531702571766
13.8,-1.4051774701638478,-3.180282200980329,2.161659338395145,0.3956933792204487,-0.5842025229746429,0.5861710354391149,-0.39816790303011607
13.850000000000001,-1.351046278437146,-3.20259234736968,2.1705893997613486,0.40026480412287374,-0.5810849947542797,0.5830243951333267,-0.4027541062873412
13.9,-1.2993477748777431,-3.22131852678168,2.1785891875374475,0.4048125906517263,-0.577881726222119,0.5799331475560618,-0.4072554742592185
13.950000000000001,-1.2430633335132524,-3.2417860610909814,2.1866700643757793,0.40933777610434746,-0.5746886263092574,0.5767870199989044,-0.4116944272218283
14.0,-1.1909472793330067,-3.255588817424088,2.19380736073507,0.4137872255568179,-0.57142739774823,0.5736263710030653,-0.41617742317253476
14.05,-1.1390985045961508,-3.2671962990366294,2.200625196755074,0.41821408481889044,-0.5681278556990933,0.570409753970721,-0.4206666511775208
14.100000000000001,-1.0865020957069378,-3.2752601759196267,2.206759880009583,0.42261685732445814,-0.5648026346017837,0.5671652854059693,-0.42510765093379327
14.15,-1.0329742753212492,-3.282851569002772,2.2126203586826145,0.4269893540986144,-0.5614347977706955,0.5638828062614383,-0.42954305970572004
14.200000000000001,-0.9762304203321204,-3.29597723693812,2.219291864327833,0.43134156381338323,-0.5580799721638682,0.5605110296757613,-0.4339568937215066
14.25,-0.9178984676741044,-3.315585306382438,2.2267956637478026,0.43573733595228353,-0.5546648996138759,0.5571169819271077,-0.43829270087689853
14.3,-0.8555138250986771,-3.334880313375961,2.2341161716600744,0.44018101123469044,-0.5512018428192175,0.5536496580521983,-0.442593788885235
14.350000000000001,-0.7944223241844786,-3.35373895212745,2.241330234763481,0.4445750333000016,-0.5476973950467654,0.5501761941910039,-0.446863243700791
14.4,-0.734875208178006,-3.3739033124855586,2.248788022297293,0.4489530411948888,-0.5441359322970972,0.5466875383226478,-0.45109864711363595
14.450000000000001,-0.6758187170280381,-3.392198388582403,2.256143193215139,0.45323018995940384,-0.5405930658448619,0.5431326940684068,-0.4553552554915885
14.5,-0.6177836150568288,-3.4131369644925464,2.2641291301020776,0.4574836983261174,-0.5370249534380568,0.5395206033707235,-0.4595980675429363
14.55,-0.5617083842838595,-3.4245904386130874,2.2704874158036175,0.46167405819081886,-0.5334284441593279,0.5358727225475858,-0.4638443534040459
14.600000000000001,-0.5072528440143032,-3.434556506395861,2.2767719281676846,0.4658389097746144,-0.5297725703294803,0.5322093163230831,-0.468068774311437
14.65,-0.4459046089173673,-3.4498199120804225,2.283421806354995,0.4699824374321743,-0.5261242448817822,0.5285217478469906,-0.47220181014651874
14.700000000000001,-0.3816592207295439,-3.4647334463790878,2.289898582773662,0.47414946278583314,-0.5224064425466699,0.5247354186374258,-0.47636806794016373
14.75,-0.3161893093630082,-3.4808051063646914,2.296446922715703,0.4782794931295133,-0.5186430193993711,0.5209198411118783,-0.4805212420029473
14.8,-0.2538977082325289,-3.4906428619717706,2.302077266985734,0.4823656621836328,-0.5148554071035093,0.5170329081223892,-0.4846898489146747
14.850000000000001,-0.1918920299170481,-3.4952194483834633,2.3063972322570065,0.4863603929587535,-0.5110813350987257,0.5132030398778186,-0.4887454111650329
14.9,-0.1326165166765542,-3.4979237327039727,2.3103653856794715,0.4903062159943309,-0.5072656061435431,0.5093800610118964,-0.4927609692585862
14.950000000000001,-0.06849821090231596,-3.5042993135199003,2.314713120772985,0.4942827910611384,-0.503398261917643,0.5055048543957478,-0.4967288541462442
15.0,-0.008736556516619434,-3.5059593666771725,2.318330245975753,0.4982242155861591,-0.4995147914280262,0.5015915933383245,-0.5006630380210755
15.05,0.0507243644556445,-3.506896612321777,2.3218011720772687,-0.502119356324997,0.4956025441018672,-0.4976151903185194,0.5046121209877852
15.100000000000001,0.11246920701645788,-3.5137981855176825,2.326262801657383,-0.5060080335809305,0.4916294858762819,-0.49360085093595557,0.5085415602720027
15.15,0.17434049061883755,-3.519388214269792,2.3305045863862226,-0.5099005063906243,0.487616167159889,-0.48955466849881973,0.5124140646565966
15.200000000000001,0.23629740279117267,-3.525116128674224,2.334770286917415,-0.513735705092752,0.48359284129787483,-0.4854933815931965,0.5162458383246341
15.25,0.2993482580855256,-3.5290325905788174,2.3386474454874078,-0.5175889118361992,0.4795177072698292,-0.48139571801022285,0.520021777851974
15.3,0.3653193976878687,-3.5370214006835163,2.343428022013978,-0.5213721111816394,0.4754532264062597,-0.4772531350406048,0.5237793392983275
15.350000000000001,0.429836289873581,-3.537608022246924,2.346492916417124,-0.5251325253175425,0.4713339471072809,-0.4730566601893439,0.5275391335326652
15.4,0.4944438749087703,-3.538659685271714,2.349644345962023,-0.528859231739408,0.4671659573251272,-0.4688318613599596,0.5312820033600384
15.450000000000001,0.5523458203060929,-3.534007675423434,2.351787738577122,-0.5324894720703979,0.4630446241516007,-0.46462778861205445,0.5349445356557666
15.5,0.6076089550010392,-3.528400141404055,2.3535932751285067,-0.536043648557785,0.4588856335314767,-0.460452609183749,0.5385764354993179
15.55,0.6650541996973176,-3.5191818785154525,2.3545357039246855,-0.5395960882255367,0.45471927809669527,-0.456174933464019,0.5421908056929929
15.600000000000001,0.7284991202466556,-3.5158061036249912,2.356631420879666,-0.543186821699064,0.4504701537793554,-0.4518130975831749,0.5457926732182922
15.65,0.789150652955865,-3.508220910605287,2.357588110858351,-0.546717970541903,0.44616420447594884,-0.44745325316605605,0.5493837907710784
15.700000000000001,0.8452233708180161,-3.495926897464854,2.3574962337828476,-0.5502318662221256,0.4418306648003345,-0.44308108382511885,0.5529102189254322
15.75,0.8989326848350219,-3.482497435963791,2.3569659480143446,-0.5536452689494246,0.43747208101272106,-0.4387696608025304,0.5563957937148258
15.8,0.946920136300101,-3.463160019825898,2.354896709690132,-0.5569864675975505,0.43305386309234506,-0.4344658810847655,0.5598837600317031
15.850000000000001,0.9994623198113564,-3.448765560297637,2.3538698784199292,-0.5603194566916307,0.42860269947518026,-0.4300746456303714,0.5633627886551388
15.9,1.0543465866668997,-3.4353118103822298,2.352938999075578,-0.5636262743867846,0.4241467537340114,-0.42566519353477267,0.5667751733542828
15.950000000000001,1.1115869498346382,-3.4224378624994576,2.3519685542206363,-0.5669074552764882,0.41969612687525754,-0.4212772918993413,0.5700846792958055
16.0,1.174446865354731,-3.412200019280602,2.3514259401329416,-0.5702222533603126,0.4152220446163404,-0.41685274367204916,0.5732983739122223
16.05,1.2407063996548024,-3.4029034347401197,2.3511082796590244,-0.5735367591050489,0.4107283850574705,-0.41234264917421903,0.5764818464924513
16.1,1.3055042189208925,-3.388824074508359,2.3495267459987033,-0.5768246616494628,0.4061669000354694,-0.40777388309879814,0.579674235490148
16.150000000000002,1.3766226534176726,-3.380063824958686,2.3490469994086207,-0.5801327395430487,0.4015728529449273,-0.403186984803362,0.5827739729716166
16.2,1.4464925907155668,-3.368406788144174,2.3480461944515376,-0.5834328260978913,0.39694455198197554,-0.3984895024535213,0.5858730890880735
16.25,1.5152227429203333,-3.356243819922162,2.3474053047189525,-0.5867032242318915,0.39230785699863735,-0.393675519466705,0.5889766187088072
16.3,1.5809920980267809,-3.34294655441658,2.346906443165629,-0.589948365459962,0.38762939299191074,-0.3888023715876072,0.5920617329533249
16.35,1.6316488179171966,-3.32160331981638,2.344585073552431,-0.5929793621479367,0.38306002493687297,-0.38411431628317955,0.5950602367729623
16.400000000000002,1.6841960588752558,-3.2993522494173324,2.342232608623264,-0.5960211275355823,0.37844453847684456,-0.3793659297493771,0.5980134096938394
16.45,1.7394881764165784,-3.2782143420795506,2.340248018976231,-0.5990713070441445,0.3737995207808389,-0.3746135640289432,0.6008761644348761
16.5,1.7911323783205395,-3.2555628862070587,2.3379254030943843,-0.602012724389062,0.3691632202796029,-0.36985665344197355,0.6037427037829581
16.55,1.8377666462494298,-3.22778599396175,2.3341007316236646,-0.604916826305394,0.36445401783216863,-0.36503050965102746,0.606631378320072
16.6,1.8805953579629273,-3.1957416831556906,2.3282220383213255,-0.6077387719898605,0.3596508758056945,-0.3602892670056512,0.6095051079629962
16.650000000000002,1.9352254676433653,-3.1666765020649015,2.3229265103658006,-0.6105657085498669,0.35485869150288596,-0.35550736127549615,0.6122902421946576
16.7,1.9891144398511855,-3.1364759206714807,2.3174263223195544,-0.6133639938501122,0.35006645806687575,-0.35066241406768767,0.6150398014315605
16.75,2.0402151006020044,-3.106729406725637,2.312008364690423,-0.6161132396329924,0.3452467411252681,-0.34579102024231806,0.6177683497971533
16.8,2.0865460159399047,-3.0756375238039504,2.3062635735589203,-0.6188311234514289,0.3403531620886442,-0.340979364376527,0.6204360069930523
16.85,2.1338065754397477,-3.043991824242988,2.3003678609043963,-0.6215289934958541,0.3354500467399738,-0.3361622159764551,0.6230328570276041
16.900000000000002,2.176837348338168,-3.0089104897238013,2.2933593328113755,-0.6241839238455535,0.33046644510997436,-0.3312402378034674,0.6256726482187365
16.95,2.2221567451854387,-2.9734498112529626,2.286190946157996,-0.6267545982111596,0.3255139656001726,-0.3263134892260395,0.628282451266582
17.0,2.26695341356124,-2.9366961192770136,2.278655105292843,-0.6293008153097401,0.3205389370026114,-0.3213430511887072,0.6308517394510887
17.05,2.311050117644755,-2.899706495181691,2.271045514304898,-0.6317835814337032,0.3155439910228771,-0.316345237997393,0.6334091776699565
17.1,2.3577725565371512,-2.863463984586288,2.263698491738266,-0.634231115736731,0.3105764023094475,-0.3112933187019342,0.6359163937904082
17.150000000000002,2.400078549668734,-2.8253564115197536,2.2556013744623344,-0.636649700649029,0.3055594291287048,-0.30628940914523844,0.6383552238209557
17.2,2.4433346836285765,-2.788208119306247,2.2478597854131483,-0.6390536208646522,0.30056972585523,-0.3012730976165359,0.640704947859486
17.25,2.4827293713131975,-2.7493443445082164,2.2396363196303546,-0.6413991400369046,0.2955534149106933,-0.2962305381416325,0.6430418262965992
17.3,2.518602345521037,-2.708847568467848,2.230971468283861,-0.6436927089367356,0.29052754940631464,-0.2912103840540594,0.6453293358563019
17.35,2.5572125322607615,-2.666949457410403,2.2220187123455886,-0.645952578929607,0.2854988782802936,-0.28609375789851604,0.6476001991710543
17.400000000000002,2.5979711782543706,-2.622836249355765,2.2124522345692395,-0.6481616771683147,0.2805287229670648,-0.28095020994721626,0.6498130926439081
17.45,2.6350714253232668,-2.57732155095343,2.2022502084453768,-0.6503115290221144,0.27548115557747427,-0.27581151440372687,0.6520222823377602
17.5,2.672380202976689,-2.5324291603500133,2.1922623857469565,-0.652438693879612,0.27038918284581853,-0.27063425317431056,0.6541945746774577
17.55,2.7043624199257463,-2.4872127579658234,2.18182615327601,-0.6545097463898375,0.2652089846291373,-0.26546497464696356,0.6563608257569761
17.6,2.757576356113346,-2.448267692837535,2.1735801174144838,-0.656615021673189,0.26008727602825227,-0.26027671286497595,0.6583823774232755
17.650000000000002,2.8071515561951745,-2.4082119217594014,2.1652053228562482,-0.6586654129013618,0.25496082355177757,-0.2550524481726411,0.6603810271217824
17.7,2.8510082855453867,-2.365449083132928,2.1560865600592196,-0.6606455604145945,0.2497892326513621,-0.24981713721532847,0.6623776722606731
17.75,2.8896621574192287,-2.321342503102295,2.1464913000404127,-0.6626060424672592,0.24456189142891452,-0.24462690819232416,0.6643044403997709
17.8,2.928549926214677,-2.2775040145011234,2.13708053096495,-0.6645173310032771,0.2393337784678217,-0.23938336779682373,0.6662069216863835
17.85,2.970502740755321,-2.233473683290141,2.1281422866893815,-0.6664156529805886,0.2341148308529704,-0.23407533956459053,0.6680487698101556
17.900000000000002,3.010913391716502,-2.1888197719955667,2.1191098290209007,-0.6682589025270723,0.22887739803356405,-0.22876413386762517,0.6698597964637778
17.95,3.0483678244461565,-2.143454142340084,2.1099041996076897,-0.6700663097179533,0.22362143072029425,-0.22351572862316763,0.6715990733775821
18.0,3.079844418751605,-2.096440097892739,2.1003004389193185,-0.6718372212209465,0.21836260365912,-0.21815797602724574,0.6733198489581477
18.05,3.118049112517059,-2.048646073839692,2.0908023371802855,-0.6736189041726439,0.21308628870807034,-0.21282518347638793,0.674934994487698
18.1,3.1549466927168095,-2.0011999766159976,2.0815001704087157,-0.6753470224371368,0.2077996430532394,-0.2074791902509995,0.676519100428827
18.150000000000002,3.186602069691426,-1.9532516150814268,2.07192975225156,-0.6770046907988607,0.20250670146959798,-0.20217965480831604,0.678070108232056
18.2,3.2116478744058377,-1.9048929430447687,2.0621271247958965,-0.6785808608062436,0.19722127348094043,-0.19684207450002458,0.6796212050403815
18.25,3.2383694426566674,-1.8563014731218648,2.0525650002081,-0.6801378828209865,0.1919087100227509,-0.19146067814730566,0.6811213666392822
18.3,3.262386181781802,-1.8059114119920028,2.0424533365481654,-0.6816472202670724,0.18655399564499903,-0.1860276249296027,0.6826041287408904
18.35,3.290852897103428,-1.7543288175026068,2.0322181347739106,-0.6831595866861331,0.18118497507383144,-0.1805849864904896,0.6839985720603198
18.400000000000002,3.3188528703023765,-1.7014823654036273,2.021337409996949,-0.684615196006346,0.17584367456597266,-0.1751424374771914,0.6853511232258082
18.45,3.345855936320904,-1.6477387679514588,2.0103476156654634,-0.6860612385927072,0.17044277719970946,-0.16969093140064304,0.6866398068867497
18.5,3.3752550773952095,-1.5928668537543402,1.999153955622404,-0.6874704746051478,0.16502136574452178,-0.16420015424598577,0.6878885118531782
18.55,3.402525687504477,-1.5390703048942531,1.9884971805944684,-0.6888063631840082,0.1596600559943427,-0.15870552908098295,0.6891059538243948
18.6,3.414600001685607,-1.4893021593450284,1.978608967033512,-0.6900226430397552,0.15422083788623828,-0.153332836796389,0.690343194660503
18.650000000000002,3.4179402967430184,-1.4397909539660052,1.968919087214858,-0.6911342420084579,0.14884810945788135,-0.14787330001814217,0.6916004532791701
18.7,3.4134311788785996,-1.3903674445155518,1.959149549659252,-0.6921673931379021,0.14352490103913207,-0.14243740546615422,0.6928322222460923
18.75,3.403702679858297,-1.3403694081562076,1.949473973293745,-0.6931087604045886,0.1382894278066944,-0.13701213195968026,0.6940489580016492
18.8,3.3867823129387795,-1.290804937192474,1.9398676950554339,-0.6939694357296636,0.13317857590221088,-0.13166239051732798,0.6952229168525546
18.85,3.3715224121230007,-1.2415359844373162,1.9304180319389612,-0.6948331159418846,0.1280305596156238,-0.12634926836329088,0.6963124149252712
18.900000000000002,3.360088619435872,-1.1920168640342907,1.9211212962386188,-0.6956836759581956,0.12288103160895045,-0.12109989302496275,0.6973229459765075
18.95,3.351563234974616,-1.1424776844691127,1.9115843419876082,-0.6965135537785203,0.11769195068615404,-0.1158172692521705,0.698286355508594
19.0,3.3539222118600347,-1.090008492423176,1.9009165652693811,-0.6973555772432748,0.11257096093637022,-0.110639533760571,0.69912936657732
19.05,3.3584363325078206,-1.0359523593403797,1.8897788562394675,-0.6981988240024201,0.10734635146535097,-0.10530587429976399,0.699932736644513
19.1,3.361259742758339,-0.9818889313255171,1.878384786505267,-0.6989842411610468,0.10207685911839813,-0.09996269426066456,0.700720204644612
19.150000000000002,3.3647048399388724,-0.928811614752856,1.8670971811741464,-0.6997324774916974,0.09665256911069761,-0.09454202002756112,0.7014945097980035
19.200000000000003,3.3698262402523413,-0.875896742361995,1.8562026489531072,-0.7004162778200467,0.09129688356442175,-0.08905360141535666,0.7022473730040507
19.25,3.374211279083931,-0.8242269281143175,1.8453982039367616,-0.7010585751862272,0.0858487080838825,-0.08357034114078586,0.7029671909554516
19.3,3.377962209157779,-0.7725975654936347,1.834780978856389,-0.7016475694582698,0.08043306498048654,-0.07805053877569432,0.7036542643429167
19.35,3.3829826956475926,-0.7208043603476514,1.8245135467203022,-0.7022213451937774,0.07496444157729129,-0.07249581922876906,0.7042796824043669
19.400000000000002,3.386101711426373,-0.668956166447606,1.8142613287735796,-0.7027526095456321,0.06948933311047442,-0.06690813134827125,0.7048640325056659
19.450000000000003,3.3913054422548563,-0.6157572244851091,1.8039678425521246,-0.7032864308528203,0.06394324184840403,-0.06133898957469235,0.7053630174301552
19.5,3.396150614758411,-0.5633103310080837,1.7941928821513582,-0.7037779093831735,0.058405886581092435,-0.05577550581704699,0.7058147771390016
19.55,3.402096357987565,-0.5116758644281213,1.7844123362960886,-0.7042089910969965,0.052914037838310383,-0.050260728483769126,0.7062320161463066
19.6,3.409128506264203,-0.4597422345318477,1.7747243766524692,-0.7045813130542264,0.04739782948354655,-0.044712265223501343,0.7066253833493488
19.650000000000002,3.4176912329576603,-0.4057486533827461,1.7645859905445649,-0.7049202173451276,0.04184502676483391,-0.03911427600016661,0.7069699812058016
19.700000000000003,3.4244897286117477,-0.3515161022466631,1.7545368029766828,-0.7052290872306087,0.03625686875621396,-0.033488292776172705,0.7072594348885097
19.75,3.4309414814127037,-0.2966091206326019,1.7446457976988154,-0.705487137928428,0.03069919998845017,-0.02783316710719666,0.7075102629265582
19.8,3.4367492807136464,-0.24092031076957393,1.7343253588714507,-0.7056912972918762,0.02512283283601813,-0.02219751682092974,0.707725869559526
19.85,3.4428585042688993,-0.18650318394367427,1.7244202653132645,-0.7058437661326952,0.019555491956413307,-0.016650374966759637,0.707901776773743
19.900000000000002,3.4461233696863762,-0.13240266890381108,1.7146882009707198,-0.7059450001254824,0.01398651029737498,-0.011074005480078144,0.7080419484254878
19.950000000000003,3.4502623963268593,-0.07693859541346128,1.7046684307100357,-0.7060255174737022,0.008438944559587838,-0.005469650577273097,0.7081149877055798
20.0,3.4524181140365657,-0.02153948311041176,1.6952710286512762,-0.7060935176445682,0.002839751584026473,0.00010107697528294511,0.7081128934955964
20.05,3.453399674595925,0.03212496711650549,1.686803673941966,-0.7061090087641307,-0.0026664395880223574,0.005607364197430106,0.708075924819378
20.1,3.45219083161944,0.08509617132897998,1.6787253339360648,-0.7060755899305313,-0.008170534335247616,0.011146794068002326,0.7080015908562172
20.150000000000002,3.451673224635684,0.1379855849646155,1.6710239495169021,-0.7060278967309773,-0.013695127463532401,0.016633600919541816,0.707856183021551
20.200000000000003,3.4455693259498172,0.18703842323520906,1.6648059507897557,-0.7059366729422215,-0.019130837381788942,0.022073320305840142,0.7076723771541563
20.25,3.434968520647505,0.23476333133253857,1.6589946924493686,-0.7057868467147705,-0.024550934362858115,0.027549926239198722,0.7074624938401658
20.3,3.4256586753477616,0.28513256453074265,1.6525806970048897,-0.7055931273029777,-0.03002028964016927,0.033065818956760605,0.7072084364099759
20.35,3.414915197687345,0.33506865767811195,1.646023528482049,-0.7053415141111016,-0.035500894906796636,0.03853930043212828,0.7069283961296768
20.400000000000002,3.4094331564342526,0.39047276366445793,1.638039036716029,-0.705072165307984,-0.0410523313799053,0.04408596220862724,0.7065722721224806
20.450000000000003,3.400551499232406,0.4434047878041439,1.630501766605019,-0.7047165776322276,-0.046587921380670534,0.04966116187225009,0.7062137635257807
20.5,3.3964597902514018,0.4986725097343194,1.6227434366699087,-0.7043602393503062,-0.05207683873464629,0.05517161826764106,0.7057766988414358
20.55,3.38983936111555,0.5524388705189794,1.6151615065770315,-0.7038978433863216,-0.05761816828841755,0.06070153654887414,0.7053533130423213
20.6,3.383626768424696,0.6074797648268789,1.6072999397258494,-0.7034108037154708,-0.06315541673750431,0.06621613298168381,0.7048688234600956
20.650000000000002,3.375914135109451,0.6632245929795014,1.5993409707536679,-0.7028732713480073,-0.06869913664354697,0.07177538125117454,0.7043421666315529
20.700000000000003,3.3714615771864698,0.7228990007284661,1.5902700043455638,-0.7022807588570988,-0.07425900744566447,0.07733373386538502,0.7037803841815427
20.75,3.3659137673582196,0.7830199618152837,1.5810969423308479,-0.701609027189662,-0.07984772277619567,0.08290006552909915,0.7032045884866673
20.8,3.3595106163029813,0.8452274213632576,1.5717794493678596,-0.7009452400534629,-0.08547889612279361,0.08862141051332036,0.7025064941782756
20.85,3.3507189111194617,0.9057272722141994,1.5631546164322991,-0.700216100387452,-0.0911559258839613,0.09435579870966314,0.7017727503859702
20.900000000000002,3.338115321105191,0.96148827446629,1.5560143224577823,-0.6994296711233301,-0.09674151156031292,0.09999496663711771,0.7010279750056897
20.950000000000003,3.3251014600029833,1.0159634269966582,1.5492157345251159,-0.6985952926709277,-0.10231224341753854,0.10551845122172104,0.7002590080510643
21.0,3.3132394549678983,1.0700084742285467,1.5431801197082982,-0.6977256041287051,-0.10781328120022653,0.11105328419869176,0.6994443836423013
21.05,3.2985843747385926,1.1212756437925164,1.5379323639086113,-0.696808375959314,-0.11330000475954077,0.11652723010571141,0.6986004586015687
21.1,3.285481654931427,1.17549358406517,1.5319315202993802,-0.6958614439382262,-0.11881700373202765,0.12194310707038886,0.6977028372468967
21.150000000000002,3.269579440132705,1.227278946386311,1.5269310401040677,-0.6948522194636223,-0.12428789136910641,0.12732439340782314,0.6967936653047508
21.200000000000003,3.2552310936773443,1.279761857684575,1.5217410087431946,-0.6938011983686407,-0.12972268596269992,0.13271986885194248,0.6958429120863301
21.25,3.2393761006419206,1.333516992031691,1.5163696344654343,-0.6927197562448532,-0.13516852344405206,0.1381622637441536,0.6948237175392885
21.3,3.2233176218283663,1.3888706414806156,1.5107401275318333,-0.6915981516810926,-0.14059990996819802,0.14361679440123484,0.6937563536820002
21.35,3.206562016067682,1.4439892960877916,1.5053225036730922,-0.6904070874717434,-0.14603919272837557,0.1490812438996955,0.6926654246267446
21.400000000000002,3.190874454391653,1.5025537125604662,1.499546647019385,-0.6892265904545948,-0.15150620208209875,0.1545422148927514,0.6914689302904616
21.450000000000003,3.171423769849105,1.558132101682979,1.494977669389133,-0.6880013499677127,-0.15700385847557144,0.16002743229561622,0.6902138449634718
21.5,3.1450181334884326,1.6076259395303871,1.4916427668449002,-0.686696607844237,-0.16254883646147353,0.16558586101252518,0.6889172426155264
21.55,3.120708186913618,1.6606591195497056,1.4877994203692915,-0.685375755257917,-0.16804943122641547,0.17110130195791634,0.6875636750421186
21.6,3.0996229924915095,1.7191370454766601,1.483013909920292,-0.6839998730776142,-0.17352915598246024,0.17663326519577202,0.6861723510023575
21.650000000000002,3.079197059729492,1.7801914525755225,1.4776332624436086,-0.6825662645943316,-0.17909721232268014,0.18219828459761025,0.6847125441129832
21.700000000000003,3.058650760782791,1.842007863005434,1.472375817064334,-0.6810665609649665,-0.18464350386261535,0.187795169125374,0.6832189184074619
21.75,3.0333596557218514,1.9001696940758641,1.468252599488149,-0.6795402769633864,-0.19019689216461755,0.19344752184493413,0.6816364210394708
21.8,3.0036040092271787,1.9517618493763438,1.4660121746391157,-0.6779854423785843,-0.19565463563953914,0.19900711274818245,0.6800376258348554
21.85,2.974596593036577,2.004474891809388,1.4637948350499779,-0.6764075896752846,-0.20111511460487597,0.20447202954253774,0.6783927125506988
21.900000000000002,2.9437897157712167,2.053819483762769,1.4626533333063896,-0.6747779659287662,-0.20655325220059573,0.20992353072912628,0.6767145350504978
21.950000000000003,2.9107318899577654,2.0995367701849967,1.4626544276664282,-0.6731052344124536,-0.21194188612608345,0.21532475722038968,0.6750149844557929
22.0,2.8744515983400767,2.13938147135001,1.4641702773834913,-0.6713868668264172,-0.21730501151397388,0.22070269404075685,0.67328190816854
22.05,2.835591877481678,2.173440109118333,1.4672074686081447,-0.6696357163419412,-0.22265962801550537,0.22602136255146738,0.671509524222546
22.1,2.793964634372151,2.20165502556368,1.4716456754056189,-0.667848660863509,-0.22799423810438363,0.2313109204284154,0.6696954917457475
22.150000000000002,2.75341754414061,2.230736102205628,1.475997915141684,-0.6660317086853882,-0.23332824185543669,0.2366197894688655,0.6678104295456777
22.200000000000003,2.7177782357932245,2.268145503476618,1.4786992511058366,-0.664125284322616,-0.2386867473226048,0.24194876104034807,0.6659031764506008
22.25,2.6801903123316997,2.3027344521823743,1.4819376762775054,-0.6621967603865166,-0.24401314319213357,0.24717324448385125,0.6639717039862645
22.3,2.642544152766947,2.336647978128656,1.4857426235541744,-0.6602287077319539,-0.2493116129753628,0.2524472813335875,0.6619759385880258
22.35,2.606688279319758,2.3742602143975917,1.4890937352443827,-0.6582035817861401,-0.2546310480662409,0.2576799214592048,0.659948583119444
22.400000000000002,2.5712018725181243,2.414642840627033,1.4921378132160539,-0.6561837604207097,-0.25994138539473577,0.2628851450953303,0.6578333749570703
22.450000000000003,2.534440928937033,2.4531160100170903,1.4956385607483795,-0.6541329087542851,-0.265187526361887,0.268061255884553,0.6556896191341737
22.5,2.4976710339938983,2.493002562038416,1.4988415715815335,-0.6520309427934358,-0.27039642491206783,0.2732198502005456,0.6535230190980783
22.55,2.45955199749737,2.532337823818403,1.5022004691059856,-0.6498898527074988,-0.2755327428165662,0.27838336610001946,0.6513275585008116
22.6,2.420033183405379,2.5671350451995005,1.5063590687035509,-0.6477017498468693,-0.2806584285104084,0.2835645380704665,0.6490796888674414
22.650000000000002,2.3801961786122106,2.601960642024162,1.5106128799998237,-0.6454879816482914,-0.2857508154033821,0.2887085328725087,0.6467914038471143
22.700000000000003,2.339683800394252,2.637907048496104,1.5148945258770532,-0.6432175192376886,-0.29085294531201894,0.29382804226548104,0.6444694474740229
22.75,2.298345650288692,2.671191821406722,1.5195966029816659,-0.6408837365938944,-0.2959737037495715,0.2989298959593545,0.6421125447769559
22.8,2.258425955971917,2.7096907306064755,1.5240939731035437,-0.6385732746159228,-0.3010383987046713,0.30395099810112486,0.639698246210629
22.85,2.217473092642133,2.744814695738065,1.529266539728217,-0.6362109853360851,-0.3060891117661625,0.3089751501034688,0.6372435911128714
22.900000000000002,2.1761784796899675,2.7788625034260512,1.534662975686241,-0.6337964053421101,-0.3111611417234473,0.31393798504192505,0.6347627919188367
22.950000000000003,2.135469058694904,2.8191738618479913,1.5392171504852468,-0.6313546741479769,-0.3161487737764868,0.31889034049970677,0.6322580003504162
23.0,2.0936281148162212,2.8584601094445987,1.5439821071910331,-0.6288684435984808,-0.32112993998038997,0.32382309631410683,0.6297131446839584
23.05,2.0506935330272076,2.8972324001947793,1.5488645229619593,-0.626345262004311,-0.3261200724365954,0.32872699453564497,0.6271171136097811
23.1,2.0069437487253703,2.9363906944609885,1.554012529810662,-0.6237921476139671,-0.3310630007689431,0.3336182745162083,0.6244833808884312
23.150000000000002,1.96246028667097,2.973387796363037,1.5590511575064845,-0.621167594044086,-0.3359958391963578,0.3384893307893841,0.6218380730495455
23.200000000000003,1.9182047709986079,3.012917222536128,1.563484927037413,-0.6184595560359909,-0.34089186687802353,0.3433004249340179,0.6192296269432719
23.25,1.8732393882815928,3.054152957720559,1.567996832297991,-0.6157511261174813,-0.34575294269111534,0.348079049553557,0.6165601581089881
23.3,1.8266737473021573,3.09615333711722,1.5724259505973142,-0.612998114803817,-0.35060560278396746,0.35287686928032136,0.6138297301942748
23.35,1.7790108697528781,3.1353897342634456,1.577183094494694,-0.610163213367357,-0.355477765408353,0.35771935354358214,0.6110427771063717
23.400000000000002,1.7297156180895161,3.171242015672,1.5825651579906277,-0.607305296378094,-0.3602603814940481,0.3626001256822518,0.6082054614783509
23.450000000000003,1.6796603427198695,3.204654800867728,1.5884692279752894,-0.6044157197716998,-0.3650613817666156,0.36739379671656197,0.6053376110648476
23.5,1.6282942055621858,3.2331279099940455,1.5956130091583094,-0.601510727306173,-0.36983459203207975,0.37220245052873596,0.6023890398176811
23.55,1.5767114238681186,3.264000350871425,1.6030353055469986,-0.5985774748785604,-0.3746109727611511,0.37695732961941214,0.5993953597594431
23.6,1.5250218750256037,3.294375893260297,1.6108631022909072,-0.5956293613655474,-0.3793776287634954,0.3816926651666069,0.5963295968095748
23.650000000000002,1.4724719233322696,3.323143321162778,1.6188989497011557,-0.5926705534843794,-0.38406371233711206,0.38633256053723636,0.5932822537098998
23.700000000000003,1.4194307812682183,3.3540267702504942,1.6264728967286155,-0.5896292007428875,-0.38878109100418423,0.3909346453729676,0.5902175632391939
23.75,1.3649704980288377,3.380428413721163,1.6349428164952933,-0.5865452415304674,-0.39347450060334216,0.39559144598204316,0.5870689098212852
23.8,1.3097686782756646,3.406367820574539,1.6437408821751498,-0.5834027000857973,-0.39815715839281174,0.4002401009712118,0.5838835742917564
23.85,1.254599228530163,3.431768552942905,1.6523947257139735,-0.5802335328285293,-0.40275407325649126,0.40487880159633255,0.5806818060474654
23.900000000000002,1.1992576566761075,3.4546600590481935,1.6610871307128705,-0.5770128747875231,-0.40732837311393577,0.40952439815385155,0.5774335512442259
23.950000000000003,1.1448646085329028,3.4718962372047337,1.6701654637764558,-0.5736919664249811,-0.41191407065271307,0.41410938664553487,0.5742105379996165
24.0,1.0893162396079186,3.491820100398381,1.6793374022561658,-0.5703560650854118,-0.4165232724327236,0.41862756797013595,0.5709231838676982
24.05,1.0324048317260286,3.5159923471664034,1.6888586430308878,-0.5670717730563107,-0.4211208929406705,0.4230400027186766,0.5675596478181006
24.1,0.9757325602733946,3.5349385659748256,1.6986716354484126,-0.5637181573876336,-0.4256758919001667,0.4274983669438378,0.5641515934098215
24.150000000000002,0.9196577375923836,3.5492458576894315,1.7085414732149435,-0.5603262791120116,-0.43013048424836253,0.4319692120092839,0.5607359693588735
24.200000000000003,0.86391683127886,3.56020620441541,1.718718018436939,-0.5568600618244155,-0.4345620126738919,0.4363800944812836,0.5573465186275324
24.25,0.8083619410322971,3.5702305037492703,1.7288940494697358,-0.5533494401389947,-0.43897667993845835,0.4407610987319423,0.5539255594506182
24.3,0.7520461557058338,3.5835016513226807,1.7391818910280599,-0.5498420617238313,-0.4433768618143973,0.44511029718193085,0.5504248258477413
24.35,0.6955735134578234,3.597371329145411,1.749031280763633,-0.5462376857525588,-0.44775947311788167,0.44944453080895563,0.5469327734034626
24.400000000000002,0.6380490972128838,3.6102458242910918,1.7592163095277873,-0.5426228176798658,-0.45211532909064694,0.45373885029276806,0.5433905250088706
24.450000000000003,0.579815031001704,3.622972667338236,1.7698694037742393,-0.5390585898923111,-0.45635744804835043,0.45808113133613637,0.5397364110266375
24.5,0.5202846110560547,3.6373653121271947,1.7804522448004076,-0.5354589576797696,-0.4605909201181717,0.46237513640265404,0.5360493840886468
24.55,0.4618800273943868,3.647031462146071,1.7910934806562335,-0.5318116796463932,-0.4647756052977089,0.4666578837067062,0.5323442435926293
24.6,0.40398133046940454,3.6545144779044683,1.8017590712310692,-0.5281070766445675,-0.46893823400973145,0.4708968154750588,0.5286360160424297
24.650000000000002,0.3463108299582546,3.660385313601336,1.8121989164850631,-0.5243692406892918,-0.47306536820700557,0.4751180051962905,0.5248894530855079
24.700000000000003,0.28958233726711025,3.663627560065522,1.8224369745787987,-0.5205724271780339,-0.477143944073083,0.4792920017300907,0.5211690529702584
24.75,0.23242282597232747,3.6661053368050602,1.8327294233853766,-0.5167267662858793,-0.4812315801783868,0.48345164073166014,0.5173819926481951
24.8,0.1743697988839659,3.668713530876668,1.8433453478074444,-0.5128750664186773,-0.48531645759352426,0.4875702912633763,0.5135195354728551
24.85,0.11744171882427869,3.6691402100947856,1.8538463016763622,-0.508955525589213,-0.4893628259350727,0.49164655176552974,0.5096782962831673
24.900000000000002,0.06392188675592615,3.6640316793088505,1.8642727558051804,-0.5049654430628366,-0.49343177161628654,0.49566925973296655,0.5058131799664166
24.950000000000003,0.010423832610244488,3.6585337010259256,1.8746805046757928,-0.5009767938317944,-0.49738726970501096,0.499663934032644,0.501960266360229
